source_id,first_name,last_name,email,phone,address,source_system,created_at
1,John,Doe,john.doe@email.com,+1234567890,123 Main St,CRM,2025-01-01
2,Jon,Doe,john.doe@email.com,+1234567890,123 Main Street,ERP,2025-01-02
3,Jane,Smith,jane.smith@company.com,+1987654321,456 Oak Ave,CRM,2025-01-03
4,Janie,Smyth,jane.smith@company.com,+1987654321,456 Oak Avenue,Marketing,2025-01-04
5,Alice,Johnson,alice.j@email.com,+1122334455,789 Pine Rd,CRM,2025-01-05
6,Bob,Brown,bob.brown@test.com,+1555666777,101 Elm St,ERP,2025-01-06
7,Robert,Brown,bob.brown@test.com,+1555666777,101 Elm Street,Salesforce,2025-01-07
8,Carol,Wilson,carol.w@demo.com,+1999888777,202 Birch Ln,CRM,2025-01-08
9,Johnny,Doe,john.doe@email.com,+1234567890,123 Main St,NewSystem,2025-01-09
10,Mary,Johnson,mary.j@company.com,+1223344556,321 Maple Ave,CRM,2025-01-10
11,Mary,Johnson,mary.johnson@company.com,+1223344556,321 Maple Avenue,ERP,2025-01-11
12,David,Lee,david.lee@demo.com,+1445566777,404 Cedar St,CRM,2025-01-12
13,Dave,Lee,d.lee@test.com,+1445566777,404 Cedar Street,Marketing,2025-01-13
14,Eve,Garcia,eve.garcia@sample.com,+1777888999,505 Spruce Dr,CRM,2025-01-14
15,Eva,Garcia,eve.garcia@sample.com,+1777888999,505 Spruce Drive,ERP,2025-01-15
16,Frank,Miller,frank.miller@demo.com,+1666777888,606 Willow Ln,CRM,2025-01-16
17,Grace,Davis,grace.davis@test.com,+1555444333,707 Poplar St,CRM,2025-01-17
18,Bobby,Brown,bob.brown@test.com,+1555666777,101 Elm St,NewCRM,2025-01-18
19,Hannah,Smith,hannah.smith@new.com,+1888777666,888 Maple St,NewSystem,2025-01-19
20,Hanna,Smith,hannah.smith@new.com,+1888777666,888 Maple Street,AnotherSystem,2025-01-20
21,Ian,Johnson,ian.j@unique.com,+1999555333,999 Oak Ln,UniqueSource,2025-01-21
22,Jessica,Williams,jessica.w@demo.com,+1444333222,111 Pine Rd,DemoSystem,2025-01-22
23,Jess,Williams,jessica.w@demo.com,+1444333222,111 Pine Road,AltDemo,2025-01-23
24,Michael,Thompson,michael.t@corp.com,+1777666555,222 Cedar Ln,CorporateDB,2025-01-24
25,Mike,Thompson,michael.t@corp.com,+1777666555,222 Cedar Lane,AltCorp,2025-01-24
26,Sarah,Anderson,sarah.a@business.com,+1333222111,333 Birch Rd,BusinessSys,2025-01-25
27,Sara,Anderson,sarah.a@business.com,+1333222111,333 Birch Road,BizSystem,2025-01-25
28,Christopher,Taylor,chris.taylor@enterprise.com,+1888444222,444 Elm Ave,Enterprise,2025-01-26
29,Chris,Taylor,chris.taylor@enterprise.com,+1888444222,444 Elm Avenue,EntSys,2025-01-26
30,Jennifer,White,jennifer.w@solutions.com,+1555111888,555 Maple Dr,Solutions,2025-01-27
31,Jen,White,jennifer.w@solutions.com,+1555111888,555 Maple Drive,SolSystem,2025-01-27
32,Daniel,Martin,daniel.martin@tech.io,+1999111333,666 Oak St,TechCorp,2025-01-28
33,Dan,Martin,dmartin@tech.io,+1999111333,666 Oak Street,TechSys,2025-01-28
34,Lisa,Jackson,lisa.jackson@retail.com,+1444555666,777 Pine Ave,Retail,2025-01-29
35,Elizabeth,Jackson,e.jackson@retail.com,+1444555666,777 Pine Avenue,RetailDB,2025-01-29
36,James,Harris,james.h@finance.net,+1222333444,888 Spruce Ln,Finance,2025-01-30
37,Jim,Harris,jim.harris@finance.net,+1222333444,888 Spruce Lane,FinanceDB,2025-01-30
38,Patricia,Clark,patricia.clark@marketing.net,+1666777888,999 Willow St,MarketingCRM,2025-01-31
39,Pat,Clark,pat.clark@marketing.net,+1666777888,999 Willow Street,MarketingDB,2025-01-31
40,Robert,Lewis,robert.lewis@supply.com,+1333444555,101 Poplar Ln,Supply,2025-02-01
41,Rob,Lewis,rob.lewis@supply.com,+1333444555,101 Poplar Lane,SupplyDB,2025-02-01
42,Maria,Walker,maria.walker@hr.com,+1777888999,202 Hickory St,HRSystem,2025-02-02
43,Mary,Walker,mary.walker@hr.com,+1777888999,202 Hickory Street,HRDB,2025-02-02
44,William,Hall,william.h@ops.io,+1111222333,303 Ash Rd,Operations,2025-02-03
45,Will,Hall,will.hall@ops.io,+1111222333,303 Ash Road,OpsDB,2025-02-03
46,Anna,Allen,anna.allen@analytics.com,+1555666777,404 Fir Ave,Analytics,2025-02-04
47,Ann,Allen,ann.allen@analytics.com,+1555666777,404 Fir Avenue,AnalyticsDB,2025-02-04